id,category_id,title,description,duration,date,tags,thumbnail,views,url,image
1,1,–≠—Ñ–∏—Ä —Å –ê–ª–µ–∫—Å–∞–Ω–¥—Ä–æ–º –°–º–∏—Ä–Ω–æ–≤—ã–º —á.11,–≠—Ñ–∏—Ä –ø—Ä–æ –∑–∞–ø—É—Å–∫ –ø—Ä–æ–¥—É–∫—Ç–∞ —Å –Ω—É–ª—è –∏ —Ä–æ—Å—Ç –¥–æ —Ñ–µ–¥–µ—Ä–∞–ª—å–Ω–æ–≥–æ –±—Ä–µ–Ω–¥–∞. –ï—Å–ª–∏ –¥–µ–ª–∞–µ—à—å —Ç–æ–≤–∞—Ä–∫—É ‚Äî —Å–º–æ—Ç—Ä–µ—Ç—å –æ–±—è–∑–∞—Ç–µ–ª—å–Ω–æ.,51:00:00,2024-05-20,"#–ú—ã—à–ª–µ–Ω–∏–µ,#–ú–∞—Ä–∫–µ—Ç–∏–Ω–≥",üé§,15420,https://youtube.com/watch?v=abc123,https://img.youtube.com/vi/abc123/0.jpg
2,1,–ö–∞–∫ –≤—ã–∂–∏—Ç—å –≤ –∫—Ä–∏–∑–∏—Å–µ???,–°—Ç—Ä–∞—Ç–µ–≥–∏–∏ –≤—ã–∂–∏–≤–∞–Ω–∏—è –±–∏–∑–Ω–µ—Å–∞ –≤ —Å–ª–æ–∂–Ω—ã–µ –≤—Ä–µ–º–µ–Ω–∞. –†–µ–∞–ª—å–Ω—ã–µ –∫–µ–π—Å—ã –∏ –ø—Ä–∞–∫—Ç–∏—á–µ—Å–∫–∏–µ —Å–æ–≤–µ—Ç—ã –æ—Ç —ç–∫—Å–ø–µ—Ä—Ç–æ–≤.,43:22:00,2024-05-18,"#–ö—Ä–∏–∑–∏—Å,#–°—Ç—Ä–∞—Ç–µ–≥–∏—è",üí™,12350,https://youtube.com/watch?v=def456,https://img.youtube.com/vi/def456/0.jpg
3,1,–ò–Ω–≤–µ—Å—Ç–∏—Ü–∏–∏ –¥–ª—è –Ω–∞—á–∏–Ω–∞—é—â–∏—Ö???,"–ë–∞–∑–æ–≤—ã–µ –ø—Ä–∏–Ω—Ü–∏–ø—ã –∏–Ω–≤–µ—Å—Ç–∏—Ä–æ–≤–∞–Ω–∏—è, —Ä–∏—Å–∫–∏ –∏ –≤–æ–∑–º–æ–∂–Ω–æ—Å—Ç–∏. –ö–∞–∫ –Ω–∞—á–∞—Ç—å –∏–Ω–≤–µ—Å—Ç–∏—Ä–æ–≤–∞—Ç—å —Å –º–∏–Ω–∏–º–∞–ª—å–Ω—ã–º–∏ –∑–Ω–∞–Ω–∏—è–º–∏.",38:15:00,2024-05-15,"#–ò–Ω–≤–µ—Å—Ç–∏—Ü–∏–∏,#–§–∏–Ω–∞–Ω—Å—ã",üí∞,9870,https://youtube.com/watch?v=ghi789,https://img.youtube.com/vi/ghi789/0.jpg
4,2,–û—Å–Ω–æ–≤—ã —Ü–∏—Ñ—Ä–æ–≤–æ–≥–æ –º–∞—Ä–∫–µ—Ç–∏–Ω–≥–∞////,–ü–æ–ª–Ω—ã–π –∫—É—Ä—Å –ø–æ digital-–º–∞—Ä–∫–µ—Ç–∏–Ω–≥—É –¥–ª—è –Ω–∞—á–∏–Ω–∞—é—â–∏—Ö –∏ –ø—Ä–æ–¥–≤–∏–Ω—É—Ç—ã—Ö. –û—Ç –Ω–∞—Å—Ç—Ä–æ–π–∫–∏ —Ä–µ–∫–ª–∞–º—ã –¥–æ –∞–Ω–∞–ª–∏—Ç–∏–∫–∏.,4—á 20–º,2024-05-10,"#–ú–∞—Ä–∫–µ—Ç–∏–Ω–≥,#–û–±—É—á–µ–Ω–∏–µ",üìä,5670,https://youtube.com/watch?v=jkl012,https://img.youtube.com/vi/jkl012/0.jpg
5,2,SMM —Å—Ç—Ä–∞—Ç–µ–≥–∏–∏ 2024,"–ê–∫—Ç—É–∞–ª—å–Ω—ã–µ –ø–æ–¥—Ö–æ–¥—ã –∫ –ø—Ä–æ–¥–≤–∏–∂–µ–Ω–∏—é –≤ —Å–æ—Ü–∏–∞–ª—å–Ω—ã—Ö —Å–µ—Ç—è—Ö. –¢—Ä–µ–Ω–¥—ã, –∏–Ω—Å—Ç—Ä—É–º–µ–Ω—Ç—ã –∏ –∫–µ–π—Å—ã —É—Å–ø–µ—à–Ω—ã—Ö –∫–æ–º–ø–∞–Ω–∏–π.",2—á 45–º,2024-05-08,"#SMM,#–°—Ç—Ä–∞—Ç–µ–≥–∏—è",üì±,4320,https://youtube.com/watch?v=mno345,https://img.youtube.com/vi/mno345/0.jpg
6,2,–ü—Ä–æ–¥–∞–∂–∏ —á–µ—Ä–µ–∑ –≤–æ—Ä–æ–Ω–∫–∏,–ö–∞–∫ –ø–æ—Å—Ç—Ä–æ–∏—Ç—å —ç—Ñ—Ñ–µ–∫—Ç–∏–≤–Ω—É—é –≤–æ—Ä–æ–Ω–∫—É –ø—Ä–æ–¥–∞–∂ –∏ –∞–≤—Ç–æ–º–∞—Ç–∏–∑–∏—Ä–æ–≤–∞—Ç—å –ø—Ä–æ—Ü–µ—Å—Å –ø—Ä–∏–≤–ª–µ—á–µ–Ω–∏—è –∫–ª–∏–µ–Ω—Ç–æ–≤.,3—á 12–º,2024-05-05,"#–ü—Ä–æ–¥–∞–∂–∏,#–í–æ—Ä–æ–Ω–∫–∏",üéØ,6780,https://youtube.com/watch?v=pqr678,https://img.youtube.com/vi/pqr678/0.jpg
7,3,–†–∞–∑–±–æ—Ä —Ä–µ–∫–ª–∞–º–Ω–æ–π –∫–∞–º–ø–∞–Ω–∏–∏ Apple,–î–µ—Ç–∞–ª—å–Ω—ã–π –∞–Ω–∞–ª–∏–∑ –º–∞—Ä–∫–µ—Ç–∏–Ω–≥–æ–≤–æ–π —Å—Ç—Ä–∞—Ç–µ–≥–∏–∏ –∏ –∫—Ä–µ–∞—Ç–∏–≤–æ–≤ Apple. –ß—Ç–æ –º–æ–∂–Ω–æ –ø—Ä–∏–º–µ–Ω–∏—Ç—å –≤ —Å–≤–æ–µ–º –±–∏–∑–Ω–µ—Å–µ.,32:10:00,2024-05-12,"#–†–µ–∫–ª–∞–º–∞,#Apple,#–ê–Ω–∞–ª–∏–∑",üçé,8950,https://youtube.com/watch?v=stu901,https://img.youtube.com/vi/stu901/0.jpg
8,3,–ö–∞–∫ Netflix –∑–∞—Ö–≤–∞—Ç–∏–ª —Ä—ã–Ω–æ–∫,–°—Ç—Ä–∞—Ç–µ–≥–∏—è —ç–∫—Å–ø–∞–Ω—Å–∏–∏ –∏ —É–¥–µ—Ä–∂–∞–Ω–∏—è –∞—É–¥–∏—Ç–æ—Ä–∏–∏ —Å—Ç—Ä–∏–º–∏–Ω–≥–æ–≤–æ–≥–æ –≥–∏–≥–∞–Ω—Ç–∞. –£—Ä–æ–∫–∏ –¥–ª—è —Å—Ç–∞—Ä—Ç–∞–ø–æ–≤.,28:45:00,2024-05-09,"#Netflix,#–°—Ç—Ä–∞—Ç–µ–≥–∏—è,#–°—Ç—Ä–∏–º–∏–Ω–≥",üé≠,7230,https://youtube.com/watch?v=vwx234,https://img.youtube.com/vi/vwx234/0.jpg
9,3,–†–∞–∑–±–æ—Ä –ø—Ä–æ–≤–∞–ª–∞ —Å—Ç–∞—Ä—Ç–∞–ø–∞,"–ê–Ω–∞–ª–∏–∑ –æ—à–∏–±–æ–∫, –∫–æ—Ç–æ—Ä—ã–µ –ø—Ä–∏–≤–µ–ª–∏ –∫ –∫—Ä–∞—Ö—É –ø–µ—Ä—Å–ø–µ–∫—Ç–∏–≤–Ω–æ–≥–æ –ø—Ä–æ–µ–∫—Ç–∞. –ö–∞–∫ –∏–∑–±–µ–∂–∞—Ç—å –ø–æ–¥–æ–±–Ω—ã—Ö –ø—Ä–æ–±–ª–µ–º.",25:30:00,2024-05-07,"#–°—Ç–∞—Ä—Ç–∞–ø,#–û—à–∏–±–∫–∏,#–ö–µ–π—Å",‚ö†Ô∏è,5420,https://youtube.com/watch?v=yzab567,https://img.youtube.com/vi/yzab567/0.jpg
10,4,–ö–∞–∫ –º–∞—Å—à—Ç–∞–±–∏—Ä–æ–≤–∞—Ç—å IT-–±–∏–∑–Ω–µ—Å,–ü—Ä–∞–∫—Ç–∏—á–µ—Å–∫–∏–µ —Å–æ–≤–µ—Ç—ã –ø–æ —Ä–æ—Å—Ç—É —Ç–µ—Ö–Ω–æ–ª–æ–≥–∏—á–µ—Å–∫–æ–≥–æ —Å—Ç–∞—Ä—Ç–∞–ø–∞ –æ—Ç –æ—Å–Ω–æ–≤–∞—Ç–µ–ª–µ–π —É—Å–ø–µ—à–Ω—ã—Ö –∫–æ–º–ø–∞–Ω–∏–π.,45:30:00,2024-05-14,"#IT,#–ú–∞—Å—à—Ç–∞–±–∏—Ä–æ–≤–∞–Ω–∏–µ,#–°—Ç–∞—Ä—Ç–∞–ø",üíª,6540,https://youtube.com/watch?v=cdef890,https://img.youtube.com/vi/cdef890/0.jpg
11,4,–§—Ä–∞–Ω—à–∏–∑–∞ –∫–∞–∫ –±–∏–∑–Ω–µ—Å-–º–æ–¥–µ–ª—å,–í—Å–µ –æ —Å–æ–∑–¥–∞–Ω–∏–∏ –∏ —Ä–∞–∑–≤–∏—Ç–∏–∏ —Ñ—Ä–∞–Ω—à–∏–∑—ã. –û—Ç –∏–¥–µ–∏ –¥–æ —Ñ–µ–¥–µ—Ä–∞–ª—å–Ω–æ–π —Å–µ—Ç–∏. –†–µ–∞–ª—å–Ω—ã–µ —Ü–∏—Ñ—Ä—ã –∏ –∫–µ–π—Å—ã.,52:15:00,2024-05-11,"#–§—Ä–∞–Ω—à–∏–∑–∞,#–ë–∏–∑–Ω–µ—Å-–º–æ–¥–µ–ª—å",üè¢,4890,https://youtube.com/watch?v=ghij123,https://img.youtube.com/vi/ghij123/0.jpg
12,5,"–û–±–∑–æ—Ä: ""–î—É–º–∞–π –º–µ–¥–ª–µ–Ω–Ω–æ... —Ä–µ—à–∞–π –±—ã—Å—Ç—Ä–æ""",–†–∞–∑–±–æ—Ä –∫–ª—é—á–µ–≤—ã—Ö –∏–¥–µ–π –∫–Ω–∏–≥–∏ –î–∞–Ω–∏—ç–ª—è –ö–∞–Ω–µ–º–∞–Ω–∞ –æ –ø—Ä–∏–Ω—è—Ç–∏–∏ —Ä–µ—à–µ–Ω–∏–π –∏ –∫–æ–≥–Ω–∏—Ç–∏–≤–Ω—ã—Ö –∏—Å–∫–∞–∂–µ–Ω–∏—è—Ö.,25:15:00,2024-05-11,"#–ü—Å–∏—Ö–æ–ª–æ–≥–∏—è,#–†–µ—à–µ–Ω–∏—è,#–ö–∞–Ω–µ–º–∞–Ω",üìñ,4180,https://youtube.com/watch?v=klmn456,https://img.youtube.com/vi/klmn456/0.jpg
13,5,"""Lean Startup"" - –≥–ª–∞–≤–Ω—ã–µ –≤—ã–≤–æ–¥—ã",–ú–µ—Ç–æ–¥–æ–ª–æ–≥–∏—è —Å–æ–∑–¥–∞–Ω–∏—è —Å—Ç–∞—Ä—Ç–∞–ø–æ–≤ –æ—Ç –≠—Ä–∏–∫–∞ –†–∏—Å–∞. –ö–∞–∫ –±—ã—Å—Ç—Ä–æ —Ç–µ—Å—Ç–∏—Ä–æ–≤–∞—Ç—å –∏–¥–µ–∏ –∏ –Ω–∞—Ö–æ–¥–∏—Ç—å –ø—Ä–æ–¥—É–∫—Ç–æ–≤–æ-—Ä—ã–Ω–æ—á–Ω–æ–µ —Å–æ–æ—Ç–≤–µ—Ç—Å—Ç–≤–∏–µ.,22:40,2024-05-08,"#–°—Ç–∞—Ä—Ç–∞–ø,#Lean,#MVP",üöÄ,3560,https://youtube.com/watch?v=opqr789,https://img.youtube.com/vi/opqr789/0.jpg
14,6,"–†–∞–∑–±–æ—Ä —Ñ–∏–ª—å–º–∞ ""–°–æ—Ü–∏–∞–ª—å–Ω–∞—è —Å–µ—Ç—å"" 111","–ê–Ω–∞–ª–∏–∑ –∫–∞—Ä—Ç–∏–Ω—ã –æ —Å–æ–∑–¥–∞–Ω–∏–∏ Facebook –∏ —É—Ä–æ–∫–∏ –¥–ª—è –ø—Ä–µ–¥–ø—Ä–∏–Ω–∏–º–∞—Ç–µ–ª–µ–π. –ß—Ç–æ –ø—Ä–∞–≤–¥–∞, –∞ —á—Ç–æ —Ö—É–¥–æ–∂–µ—Å—Ç–≤–µ–Ω–Ω—ã–π –≤—ã–º—ã—Å–µ–ª.",35:20:00,2024-05-07,"#–ö–∏–Ω–æ,#–°—Ç–∞—Ä—Ç–∞–ø,#Facebook",üé¨,5920,https://youtube.com/watch?v=stuv012,https://img.youtube.com/vi/stuv012/0.jpg